zip,breed,count
98101,airedale terrier,1
98101,akita,1
98101,american eskimo,1
98101,australian shepherd,4
98101,basenji,1
98101,basset hound,2
98101,belgian sheepdog,1
98101,bichon frise,1
98101,border collie,1
98101,border terrier,1
98101,boston terrier,1
98101,boxer,2
98101,bull terrier,2
98101,bulldog,1
98101,bullmastiff,1
98101,cavalier king charles spaniel,4
98101,french bulldog,7
98101,german shepherd,2
98101,golden retriever,6
98101,greyhound,2
98101,havanese,4
98101,labrador retriever,5
98101,long coat chihuahua,1
98101,lowchen,1
98101,maltese,1
98101,miniature australian shepherd,2
98101,miniature long haired dachshund,1
98101,miniature pinscher,2
98101,miniature poodle,5
98101,miniature schnauzer,1
98101,miniature smooth haired dachshund,1
98101,mountain cur,1
98101,old english sheepdog,1
98101,papillon,1
98101,pembroke welsh corgi,4
98101,pomeranian,4
98101,pug,1
98101,rough collie,2
98101,samoyed,1
98101,scottish terrier,1
98101,shiba inu,2
98101,shih tzu,7
98101,short coat chihuahua,6
98101,siberian husky,3
98101,spaniel,1
98101,staffordshire bull terrier,2
98101,standard poodle,4
98101,swedish vallhund,1
98101,toy poodle,2
98101,weimaraner,1
98101,west highland white terrier,2
98101,whippet,1
98101,wire fox terrier,1
98101,yorkshire terrier,4
98102,affenpinscher,1
98102,akita,4
98102,alaskan klee kai,1
98102,alaskan malamute,3
98102,american cocker spaniel,1
98102,american eskimo,1
98102,american pit bull terrier,2
98102,american staffordshire terrier,2
98102,american water spaniel,1
98102,australian cattle dog,1
98102,australian shepherd,4
98102,basenji,1
98102,beagle,3
98102,bernese mountain dog,1
98102,bichon frise,1
98102,boerboel,1
98102,bolognese,2
98102,border collie,3
98102,boston terrier,5
98102,boxer,3
98102,brussels griffon,1
98102,cardigan welsh corgi,3
98102,cavalier king charles spaniel,6
98102,chinese shar-pei,1
98102,coton de tulear,2
98102,dalmatian,1
98102,english bulldog,3
98102,english cocker spaniel,1
98102,english shepherd,1
98102,entlebucher mountain dog,1
98102,french brittany,1
98102,french bulldog,10
98102,german shepherd,6
98102,german shorthaired pointer,1
98102,golden retriever,16
98102,great dane,3
98102,great pyrenees,3
98102,greater swiss mountain dog,2
98102,greyhound,2
98102,havanese,5
98102,irish setter,1
98102,italian greyhound,2
98102,jack russell terrier,1
98102,keeshond,3
98102,king german shepherd,2
98102,korean jindo,1
98102,labrador retriever,29
98102,lagotto romagnolo,2
98102,leonberger,1
98102,lhasa apso,2
98102,maltese,2
98102,manchester terrier,1
98102,medium (up to 44 lbs fully grown) mixed breed,1
98102,miniature australian shepherd,7
98102,miniature long haired dachshund,6
98102,miniature pinscher,1
98102,miniature poodle,5
98102,miniature schnauzer,3
98102,miniature smooth haired dachshund,3
98102,mountain cur,1
98102,olde english bulldogge,1
98102,pembroke welsh corgi,10
98102,pomeranian,4
98102,portuguese water dog,3
98102,pug,3
98102,rat terrier,1
98102,retriever,3
98102,rhodesian ridgeback,2
98102,rottweiler,2
98102,rough collie,1
98102,samoyed,1
98102,schipperke,2
98102,shepherd,2
98102,shetland sheepdog,2
98102,shiba inu,7
98102,shih tzu,4
98102,short coat chihuahua,8
98102,siberian husky,8
98102,smooth fox terrier,1
98102,smooth haired vizsla,4
98102,soft coated wheaten terrier,3
98102,staffordshire bull terrier,1
98102,standard long haired dachshund,2
98102,standard poodle,6
98102,standard schnauzer,1
98102,standard smooth haired dachshund,3
98102,standard wire haired dachshund,1
98102,terrier,1
98102,toy poodle,3
98102,weimaraner,1
98102,west highland white terrier,8
98102,whippet,1
98102,xoloitzcuintli,1
98102,yorkshire terrier,5
98103,akbash,1
98103,alaskan husky,2
98103,alaskan klee kai,1
98103,alaskan malamute,3
98103,american bulldog,1
98103,american eskimo,1
98103,american foxhound,1
98103,american pit bull terrier,7
98103,american staffordshire terrier,3
98103,appenzeller sennenhunde,1
98103,australian cattle dog,7
98103,australian shepherd,20
98103,barbet,2
98103,basset hound,2
98103,beagle,9
98103,bearded collie,1
98103,belgian malinois,2
98103,bernese mountain dog,14
98103,bichon frise,2
98103,black-mouth cur,1
98103,border collie,17
98103,border terrier,2
98103,boston terrier,14
98103,boxer,6
98103,bracco italiano,1
98103,briard,1
98103,brittany,3
98103,bull terrier,1
98103,bulldog,1
98103,cairn terrier,4
98103,cardigan welsh corgi,6
98103,catahoula leopard dog,1
98103,cavalier king charles spaniel,14
98103,chesapeake bay retriever,1
98103,chinese shar-pei,2
98103,chinook,2
98103,chow chow,1
98103,coonhound,1
98103,coton de tulear,3
98103,dalmatian,2
98103,doberman pinscher,2
98103,english bulldog,3
98103,english cocker spaniel,3
98103,english mastiff,1
98103,english setter,4
98103,english shepherd,2
98103,english springer spaniel,11
98103,flat-coated retriever,3
98103,french bulldog,7
98103,german shepherd,27
98103,german shorthaired pointer,7
98103,german wirehaired pointer,3
98103,golden retriever,58
98103,gordon setter,1
98103,grand basset griffon vendeen,2
98103,great dane,6
98103,great pyrenees,2
98103,greater swiss mountain dog,1
98103,greyhound,18
98103,havanese,21
98103,hound,1
98103,icelandic sheepdog,2
98103,irish terrier,2
98103,irish wolfhound,1
98103,italian greyhound,1
98103,jack russell terrier,5
98103,kai ken,1
98103,labrador retriever,74
98103,lacy,1
98103,lagotto romagnolo,8
98103,large (over 44 lbs fully grown) mixed breed,1
98103,lhasa apso,3
98103,long coat chihuahua,3
98103,maltese,1
98103,manchester terrier,1
98103,medium (up to 44 lbs fully grown) mixed breed,1
98103,mexican hairless,1
98103,miniature australian shepherd,6
98103,miniature bull terrier,1
98103,miniature long haired dachshund,4
98103,miniature poodle,14
98103,miniature schnauzer,11
98103,miniature smooth haired dachshund,7
98103,mountain cur,2
98103,newfoundland,2
98103,norfolk terrier,1
98103,nova scotia duck tolling retriever,6
98103,old english sheepdog,4
98103,olde english bulldogge,1
98103,otterhound,1
98103,papillon,2
98103,pekingese,6
98103,pembroke welsh corgi,27
98103,pit bull terrier,1
98103,pointer,1
98103,pomeranian,9
98103,portuguese water dog,3
98103,pug,18
98103,rat terrier,8
98103,redbone coonhound,1
98103,retriever,12
98103,rhodesian ridgeback,2
98103,rottweiler,1
98103,rough collie,1
98103,saint bernard,1
98103,samoyed,3
98103,schipperke,5
98103,scottish terrier,4
98103,shepherd,2
98103,shetland sheepdog,5
98103,shiba inu,16
98103,shih tzu,11
98103,short coat chihuahua,7
98103,siberian husky,17
98103,silken windhound,2
98103,smooth haired vizsla,13
98103,soft coated wheaten terrier,4
98103,spaniel,1
98103,standard poodle,11
98103,standard smooth haired dachshund,4
98103,standard wire haired dachshund,2
98103,terrier,7
98103,tibetan spaniel,1
98103,tibetan terrier,2
98103,toy fox terrier,1
98103,toy poodle,3
98103,welsh springer spaniel,2
98103,west highland white terrier,2
98103,white swiss shepherd (berger blanc suisse),1
98103,wire haired vizsla,1
98103,xoloitzcuintli,6
98103,yorkshire terrier,5
98104,alaskan husky,1
98104,alaskan malamute,1
98104,american cocker spaniel,3
98104,american pit bull terrier,2
98104,australian shepherd,1
98104,bichon frise,1
98104,border collie,2
98104,boxer,1
98104,cavalier king charles spaniel,1
98104,chinese crested,1
98104,chinese shar-pei,1
98104,doberman pinscher,2
98104,english bulldog,1
98104,french bulldog,1
98104,german shepherd,1
98104,golden retriever,1
98104,havanese,2
98104,irish setter,1
98104,irish terrier,1
98104,italian greyhound,1
98104,maltese,1
98104,miniature australian shepherd,1
98104,miniature long haired dachshund,3
98104,miniature pinscher,1
98104,miniature poodle,1
98104,miniature schnauzer,1
98104,miniature smooth haired dachshund,1
98104,pembroke welsh corgi,2
98104,pit bull terrier,1
98104,pomeranian,2
98104,pug,1
98104,rat terrier,1
98104,shiba inu,2
98104,short coat chihuahua,10
98104,siberian husky,1
98104,small (under 24 lbs fully grown) mixed breed,1
98104,smooth fox terrier,1
98104,standard poodle,2
98104,standard smooth haired dachshund,1
98104,xoloitzcuintli,1
98104,yorkshire terrier,1
98105,airedale terrier,2
98105,akbash,1
98105,alaskan klee kai,2
98105,alaskan malamute,1
98105,american blue heeler,1
98105,american cocker spaniel,1
98105,american eskimo,1
98105,american pit bull terrier,5
98105,american staffordshire terrier,1
98105,anatolian shepherd,1
98105,australian cattle dog,7
98105,australian shepherd,11
98105,basset hound,4
98105,beagle,8
98105,belgian malinois,3
98105,belgian tervuren,1
98105,bergamasco,1
98105,bernese mountain dog,7
98105,bichon frise,2
98105,black russian terrier,1
98105,border collie,12
98105,boston terrier,6
98105,boxer,2
98105,brittany,3
98105,bulldog,1
98105,cairn terrier,3
98105,cane corso,1
98105,cavalier king charles spaniel,7
98105,chesapeake bay retriever,1
98105,chinese shar-pei,2
98105,coton de tulear,4
98105,doberman pinscher,2
98105,english bulldog,1
98105,english setter,3
98105,english shepherd,1
98105,english springer spaniel,4
98105,flat-coated retriever,3
98105,french bulldog,3
98105,german shepherd,12
98105,golden retriever,49
98105,great dane,1
98105,great pyrenees,1
98105,greenland dog,1
98105,greyhound,3
98105,havanese,19
98105,hound,1
98105,italian greyhound,2
98105,jack russell terrier,4
98105,kerry blue terrier,1
98105,kooikerhondje,1
98105,labrador retriever,54
98105,lagotto romagnolo,5
98105,long coat chihuahua,1
98105,maltese,6
98105,mastiff,1
98105,medium (up to 44 lbs fully grown) mixed breed,2
98105,miniature australian shepherd,7
98105,miniature long haired dachshund,2
98105,miniature poodle,12
98105,miniature schnauzer,5
98105,miniature smooth haired dachshund,5
98105,newfoundland,1
98105,norfolk terrier,1
98105,norwich terrier,1
98105,nova scotia duck tolling retriever,5
98105,olde english bulldogge,1
98105,pembroke welsh corgi,11
98105,pointer,1
98105,pomeranian,4
98105,portuguese water dog,7
98105,pug,1
98105,rat terrier,2
98105,retriever,9
98105,rhodesian ridgeback,10
98105,rough collie,1
98105,samoyed,1
98105,scottish terrier,2
98105,shepherd,1
98105,shetland sheepdog,1
98105,shiba inu,1
98105,shih tzu,7
98105,short coat chihuahua,5
98105,siberian husky,3
98105,smooth collie,1
98105,smooth fox terrier,1
98105,smooth haired vizsla,3
98105,soft coated wheaten terrier,4
98105,spanish water dog,1
98105,staffordshire bull terrier,1
98105,standard long haired dachshund,1
98105,standard poodle,11
98105,standard smooth haired dachshund,1
98105,terrier,1
98105,tibetan spaniel,1
98105,tibetan terrier,3
98105,toy poodle,2
98105,weimaraner,1
98105,welsh springer spaniel,1
98105,welsh terrier,2
98105,west highland white terrier,5
98105,wirehaired pointing griffon,3
98105,yorkshire terrier,2
98106,alaskan husky,1
98106,alaskan malamute,2
98106,american bulldog,2
98106,american cocker spaniel,1
98106,american hairless terrier,1
98106,american pit bull terrier,3
98106,australian cattle dog,4
98106,australian shepherd,6
98106,australian terrier,1
98106,basset hound,1
98106,belgian malinois,2
98106,belgian sheepdog,1
98106,belgian tervuren,1
98106,bernese mountain dog,2
98106,border collie,6
98106,border terrier,2
98106,boston terrier,12
98106,boxer,4
98106,bull terrier,2
98106,bullmastiff,1
98106,cardigan welsh corgi,1
98106,doberman pinscher,3
98106,english springer spaniel,1
98106,entlebucher mountain dog,1
98106,french bulldog,7
98106,german shepherd,15
98106,golden retriever,21
98106,great dane,2
98106,great pyrenees,1
98106,greyhound,3
98106,havanese,2
98106,hound,1
98106,irish setter,1
98106,italian greyhound,1
98106,komondor,1
98106,labrador retriever,30
98106,large (over 44 lbs fully grown) mixed breed,1
98106,leonberger,1
98106,long coat chihuahua,5
98106,maltese,6
98106,mastiff,1
98106,miniature australian shepherd,8
98106,miniature long haired dachshund,3
98106,miniature pinscher,2
98106,miniature poodle,3
98106,miniature schnauzer,6
98106,norwegian elkhound,1
98106,pembroke welsh corgi,10
98106,pit bull terrier,3
98106,plott hound,1
98106,pomeranian,5
98106,pug,9
98106,rat terrier,1
98106,retriever,4
98106,rhodesian ridgeback,3
98106,rottweiler,2
98106,rough collie,2
98106,saint bernard,1
98106,schipperke,2
98106,scottish terrier,1
98106,sealyham terrier,1
98106,shepherd,2
98106,shiba inu,1
98106,shih tzu,6
98106,short coat chihuahua,10
98106,siberian husky,11
98106,soft coated wheaten terrier,1
98106,staffordshire bull terrier,3
98106,standard poodle,8
98106,standard schnauzer,1
98106,standard smooth haired dachshund,3
98106,terrier,4
98106,toy poodle,3
98106,west highland white terrier,1
98106,white swiss shepherd (berger blanc suisse),1
98106,wirehaired pointing griffon,1
98106,xoloitzcuintli,2
98106,yorkshire terrier,5
98107,alaskan husky,1
98107,alaskan malamute,1
98107,american cocker spaniel,3
98107,american eskimo,1
98107,american pit bull terrier,7
98107,australian cattle dog,7
98107,australian shepherd,13
98107,basenji,1
98107,beagle,4
98107,bernese mountain dog,4
98107,bluetick coonhound,1
98107,boerboel,1
98107,border collie,5
98107,boston terrier,6
98107,bouvier des flandres,1
98107,boxer,1
98107,brittany,4
98107,cairn terrier,1
98107,cardigan welsh corgi,4
98107,carolina dog,1
98107,cavalier king charles spaniel,7
98107,chesapeake bay retriever,2
98107,chinese shar-pei,1
98107,chow chow,1
98107,coonhound,1
98107,dalmatian,1
98107,doberman pinscher,1
98107,english bulldog,2
98107,english foxhound,1
98107,english shepherd,1
98107,english springer spaniel,5
98107,eurasier,1
98107,field spaniel,1
98107,french brittany,1
98107,french bulldog,7
98107,german shepherd,5
98107,german shorthaired pointer,2
98107,giant schnauzer,1
98107,golden retriever,23
98107,great dane,1
98107,great pyrenees,1
98107,greyhound,4
98107,havanese,11
98107,irish setter,1
98107,italian greyhound,1
98107,jack russell terrier,4
98107,japanese spitz,1
98107,keeshond,4
98107,korean jindo,1
98107,labrador retriever,41
98107,lagotto romagnolo,3
98107,lhasa apso,1
98107,medium (up to 44 lbs fully grown) mixed breed,1
98107,miniature australian shepherd,18
98107,miniature long haired dachshund,3
98107,miniature pinscher,1
98107,miniature poodle,5
98107,miniature schnauzer,2
98107,miniature smooth haired dachshund,2
98107,mudi,1
98107,newfoundland,1
98107,nova scotia duck tolling retriever,2
98107,old english sheepdog,1
98107,papillon,1
98107,pembroke welsh corgi,16
98107,peruvian inca orchid,1
98107,pomeranian,6
98107,portuguese water dog,1
98107,pug,2
98107,rat terrier,1
98107,redbone coonhound,1
98107,retriever,5
98107,rottweiler,2
98107,saint bernard,1
98107,samoyed,3
98107,sealyham terrier,1
98107,shepherd,1
98107,shetland sheepdog,1
98107,shiba inu,6
98107,shih tzu,4
98107,short coat chihuahua,7
98107,siberian husky,9
98107,small (under 24 lbs fully grown) mixed breed,1
98107,smooth collie,1
98107,smooth haired vizsla,3
98107,spinone italiano,1
98107,standard poodle,14
98107,standard schnauzer,2
98107,standard wire haired dachshund,3
98107,terrier,3
98107,tibetan terrier,1
98107,toy poodle,2
98107,treeing walker coonhound,1
98107,weimaraner,2
98107,welsh springer spaniel,1
98107,west highland white terrier,3
98107,white swiss shepherd (berger blanc suisse),1
98107,wirehaired pointing griffon,1
98107,xoloitzcuintli,1
98107,yorkshire terrier,4
98108,afghan hound,1
98108,akita,2
98108,alaskan husky,1
98108,american cocker spaniel,1
98108,american english coonhound,1
98108,american pit bull terrier,7
98108,american staffordshire terrier,2
98108,argentine dogo,1
98108,australian cattle dog,2
98108,australian shepherd,6
98108,basset hound,1
98108,beagle,3
98108,belgian malinois,3
98108,border collie,8
98108,border terrier,1
98108,boston terrier,3
98108,boxer,7
98108,canaan,2
98108,cane corso,2
98108,cavalier king charles spaniel,1
98108,clumber spaniel,1
98108,coton de tulear,2
98108,doberman pinscher,2
98108,english springer spaniel,1
98108,english staffordshire terrier,1
98108,french bulldog,1
98108,german shepherd,10
98108,german shorthaired pointer,1
98108,golden retriever,9
98108,great dane,2
98108,great pyrenees,1
98108,greyhound,5
98108,havanese,4
98108,jack russell terrier,1
98108,japanese chin,3
98108,korean jindo,1
98108,labrador retriever,11
98108,long coat chihuahua,1
98108,maltese,2
98108,miniature australian shepherd,3
98108,miniature long haired dachshund,2
98108,miniature pinscher,1
98108,miniature poodle,1
98108,miniature smooth haired dachshund,1
98108,mudi,1
98108,newfoundland,1
98108,pekingese,1
98108,pembroke welsh corgi,6
98108,pit bull terrier,2
98108,polish lowland sheepdog,1
98108,pomeranian,1
98108,pug,3
98108,retriever,4
98108,rottweiler,1
98108,samoyed,1
98108,shiba inu,4
98108,shih tzu,4
98108,short coat chihuahua,13
98108,siberian husky,4
98108,silky terrier,2
98108,smooth haired vizsla,1
98108,spaniel,1
98108,staffordshire bull terrier,1
98108,standard long haired dachshund,2
98108,standard poodle,4
98108,standard smooth haired dachshund,3
98108,standard wire haired dachshund,1
98108,terrier,2
98108,toy poodle,1
98108,welsh springer spaniel,1
98108,yorkshire terrier,2
98109,airedale terrier,2
98109,american cocker spaniel,1
98109,american eskimo,1
98109,american staffordshire terrier,1
98109,australian cattle dog,1
98109,australian shepherd,17
98109,basset hound,1
98109,beagle,4
98109,bernese mountain dog,6
98109,bichon frise,5
98109,border collie,1
98109,boston terrier,3
98109,boxer,2
98109,braque francais pyrenees,2
98109,brazilian terrier,1
98109,brittany,1
98109,bull terrier,1
98109,cairn terrier,1
98109,cane corso,1
98109,cardigan welsh corgi,4
98109,carolina dog,1
98109,catahoula leopard dog,1
98109,cavalier king charles spaniel,8
98109,chow chow,1
98109,coton de tulear,2
98109,dalmatian,2
98109,doberman pinscher,3
98109,dutch shepherd,1
98109,english bulldog,3
98109,english springer spaniel,4
98109,french bulldog,12
98109,german shepherd,10
98109,german shorthaired pointer,4
98109,glen of imaal terrier,2
98109,golden retriever,23
98109,great dane,1
98109,greyhound,3
98109,havanese,10
98109,irish setter,1
98109,irish terrier,1
98109,irish wolfhound,1
98109,italian greyhound,1
98109,jack russell terrier,1
98109,japanese chin,1
98109,labrador retriever,24
98109,lakeland terrier,2
98109,lhasa apso,2
98109,medium (up to 44 lbs fully grown) mixed breed,1
98109,miniature australian shepherd,9
98109,miniature long haired dachshund,6
98109,miniature pinscher,2
98109,miniature poodle,5
98109,miniature schnauzer,4
98109,miniature smooth haired dachshund,3
98109,norwegian elkhound,1
98109,nova scotia duck tolling retriever,1
98109,old english sheepdog,1
98109,olde english bulldogge,1
98109,pembroke welsh corgi,13
98109,pointer,1
98109,pomeranian,1
98109,portuguese podengo,1
98109,portuguese water dog,3
98109,pug,8
98109,rat terrier,3
98109,retriever,3
98109,rottweiler,2
98109,saint bernard,1
98109,samoyed,3
98109,scottish terrier,1
98109,shepherd,1
98109,shetland sheepdog,2
98109,shiba inu,8
98109,shih tzu,2
98109,short coat chihuahua,7
98109,siberian husky,6
98109,smooth collie,3
98109,smooth haired vizsla,3
98109,spaniel,1
98109,staffordshire bull terrier,1
98109,standard long haired dachshund,1
98109,standard poodle,7
98109,standard schnauzer,1
98109,swedish elkhound,1
98109,terrier,4
98109,toy poodle,2
98109,weimaraner,1
98109,welsh terrier,1
98109,west highland white terrier,2
98109,white swiss shepherd (berger blanc suisse),1
98109,yorkshire terrier,5
98112,akita,1
98112,american crested sand terrier,1
98112,american pit bull terrier,3
98112,american staffordshire terrier,1
98112,australian kelpie,1
98112,australian shepherd,6
98112,australian terrier,1
98112,barbet,1
98112,basenji,2
98112,basset hound,1
98112,beagle,2
98112,belgian malinois,1
98112,bernese mountain dog,2
98112,bichon frise,2
98112,border collie,7
98112,border terrier,1
98112,boston terrier,6
98112,boxer,3
98112,briard,1
98112,bull terrier,1
98112,bullmastiff,1
98112,cairn terrier,2
98112,cardigan welsh corgi,1
98112,cavalier king charles spaniel,9
98112,coton de tulear,2
98112,curly coated retriever,1
98112,dalmatian,1
98112,doberman pinscher,1
98112,english bulldog,1
98112,english cocker spaniel,1
98112,english mastiff,1
98112,english setter,1
98112,english shepherd,2
98112,english springer spaniel,2
98112,french bulldog,8
98112,german pinscher,1
98112,german shepherd,10
98112,german shorthaired pointer,2
98112,golden retriever,39
98112,great dane,1
98112,great pyrenees,1
98112,greyhound,3
98112,havanese,12
98112,irish setter,1
98112,jack russell terrier,3
98112,japanese chin,1
98112,kai ken,1
98112,keeshond,1
98112,kooikerhondje,1
98112,labrador retriever,62
98112,lagotto romagnolo,3
98112,large (over 44 lbs fully grown) mixed breed,1
98112,long coat chihuahua,2
98112,lowchen,1
98112,maltese,1
98112,medium (up to 44 lbs fully grown) mixed breed,1
98112,miniature australian shepherd,5
98112,miniature long haired dachshund,2
98112,miniature poodle,11
98112,miniature schnauzer,6
98112,miniature smooth haired dachshund,1
98112,pembroke welsh corgi,9
98112,petit basset griffon vendeen,1
98112,pit bull terrier,2
98112,pomeranian,1
98112,portuguese water dog,5
98112,pudelpointer,1
98112,pug,2
98112,retriever,5
98112,rhodesian ridgeback,2
98112,rottweiler,4
98112,rough collie,2
98112,russell terrier,1
98112,samoyed,4
98112,scottish terrier,1
98112,shetland sheepdog,3
98112,shiba inu,5
98112,shih tzu,3
98112,short coat chihuahua,3
98112,siberian husky,4
98112,silky terrier,1
98112,small (under 24 lbs fully grown) mixed breed,1
98112,smooth collie,1
98112,smooth haired vizsla,4
98112,soft coated wheaten terrier,1
98112,standard poodle,12
98112,standard smooth haired dachshund,3
98112,standard wire haired dachshund,1
98112,terrier,4
98112,tibetan spaniel,1
98112,toy poodle,4
98112,weimaraner,1
98112,welsh springer spaniel,1
98112,welsh terrier,1
98112,west highland white terrier,6
98112,wire fox terrier,2
98112,wirehaired pointing griffon,1
98112,xoloitzcuintli,3
98112,yorkshire terrier,3
98115,afghan hound,1
98115,airedale terrier,4
98115,akita,1
98115,alaskan klee kai,4
98115,alaskan malamute,1
98115,american bulldog,1
98115,american cocker spaniel,5
98115,american foxhound,1
98115,american pit bull terrier,10
98115,american staffordshire terrier,4
98115,anatolian shepherd,1
98115,australian cattle dog,12
98115,australian shepherd,32
98115,australian terrier,1
98115,barbet,1
98115,basenji,1
98115,basset hound,1
98115,beagle,17
98115,belgian malinois,2
98115,belgian sheepdog,1
98115,belgian tervuren,1
98115,bergamasco,1
98115,bernese mountain dog,11
98115,bichon frise,7
98115,black and tan coonhound,1
98115,bluetick coonhound,1
98115,border collie,9
98115,border terrier,3
98115,boston terrier,13
98115,boxer,8
98115,brittany,5
98115,brussels griffon,3
98115,bull terrier,1
98115,bulldog,1
98115,cairn terrier,4
98115,canaan,2
98115,cane corso,1
98115,cardigan welsh corgi,3
98115,cavalier king charles spaniel,15
98115,chesapeake bay retriever,3
98115,chinese crested,1
98115,chow chow,3
98115,coonhound,1
98115,coton de tulear,2
98115,doberman pinscher,3
98115,dutch smoushond,1
98115,english bulldog,4
98115,english cocker spaniel,4
98115,english springer spaniel,17
98115,english staffordshire terrier,1
98115,entlebucher mountain dog,1
98115,flat-coated retriever,8
98115,french bulldog,17
98115,french spaniel,1
98115,german shepherd,19
98115,german shorthaired pointer,10
98115,german wirehaired pointer,4
98115,golden retriever,81
98115,great dane,2
98115,great pyrenees,3
98115,greater swiss mountain dog,2
98115,greyhound,10
98115,havanese,28
98115,hound,2
98115,icelandic sheepdog,1
98115,irish setter,4
98115,irish terrier,2
98115,irish water spaniel,1
98115,irish wolfhound,1
98115,jack russell terrier,6
98115,japanese spitz,1
98115,kerry blue terrier,2
98115,labrador retriever,122
98115,lagotto romagnolo,9
98115,lakeland terrier,1
98115,large (over 44 lbs fully grown) mixed breed,2
98115,leonberger,2
98115,lhasa apso,2
98115,long coat chihuahua,2
98115,maltese,10
98115,miniature australian shepherd,22
98115,miniature bull terrier,1
98115,miniature long haired dachshund,7
98115,miniature pinscher,1
98115,miniature poodle,23
98115,miniature schnauzer,8
98115,miniature smooth haired dachshund,8
98115,newfoundland,2
98115,norfolk terrier,1
98115,norwegian buhund,1
98115,nova scotia duck tolling retriever,1
98115,old english sheepdog,3
98115,olde english bulldogge,1
98115,papillon,1
98115,parson russell terrier,1
98115,pekingese,1
98115,pembroke welsh corgi,29
98115,pit bull terrier,2
98115,plott hound,1
98115,pointer,2
98115,pomeranian,5
98115,portuguese podengo,1
98115,portuguese water dog,9
98115,pug,10
98115,puli,2
98115,rat terrier,3
98115,retriever,15
98115,rhodesian ridgeback,3
98115,rottweiler,1
98115,rough collie,4
98115,russell terrier,2
98115,samoyed,7
98115,scottish terrier,2
98115,sealyham terrier,1
98115,shepherd,2
98115,shetland sheepdog,7
98115,shiba inu,10
98115,shih tzu,12
98115,short coat chihuahua,17
98115,siberian husky,13
98115,silken windhound,1
98115,silky terrier,1
98115,small (under 24 lbs fully grown) mixed breed,1
98115,smooth fox terrier,1
98115,smooth haired vizsla,7
98115,soft coated wheaten terrier,4
98115,staffordshire bull terrier,4
98115,standard long haired dachshund,1
98115,standard poodle,29
98115,standard schnauzer,1
98115,standard smooth haired dachshund,4
98115,standard wire haired dachshund,1
98115,terrier,12
98115,tibetan terrier,2
98115,toy poodle,6
98115,weimaraner,6
98115,welsh terrier,1
98115,west highland white terrier,1
98115,whippet,1
98115,white swiss shepherd (berger blanc suisse),1
98115,wirehaired pointing griffon,6
98115,xoloitzcuintli,3
98115,yorkshire terrier,7
98116,airedale terrier,1
98116,alaskan husky,3
98116,alaskan malamute,1
98116,american bulldog,4
98116,american cocker spaniel,2
98116,american eskimo,2
98116,american foxhound,1
98116,american pit bull terrier,1
98116,american staffordshire terrier,3
98116,australian cattle dog,2
98116,australian shepherd,12
98116,barbet,1
98116,basenji,2
98116,basset hound,1
98116,beagle,4
98116,beauceron,1
98116,belgian malinois,3
98116,bernese mountain dog,6
98116,bichon frise,4
98116,black-mouth cur,1
98116,border collie,5
98116,border terrier,1
98116,boston terrier,8
98116,boxer,5
98116,bracco italiano,1
98116,brittany,3
98116,cairn terrier,2
98116,cardigan welsh corgi,2
98116,cavalier king charles spaniel,12
98116,chesapeake bay retriever,1
98116,chinese shar-pei,1
98116,chow chow,1
98116,cirneco dell etna,1
98116,coton de tulear,5
98116,curly coated retriever,1
98116,dalmatian,1
98116,doberman pinscher,2
98116,english bulldog,3
98116,english springer spaniel,2
98116,english toy spaniel,1
98116,entlebucher mountain dog,1
98116,feist,1
98116,flat-coated retriever,2
98116,french bulldog,11
98116,german shepherd,11
98116,german shorthaired pointer,2
98116,german wirehaired pointer,1
98116,golden retriever,45
98116,gordon setter,2
98116,great dane,6
98116,great pyrenees,2
98116,greater swiss mountain dog,2
98116,greyhound,6
98116,harrier,1
98116,havanese,6
98116,irish setter,1
98116,jack russell terrier,3
98116,japanese chin,2
98116,king german shepherd,1
98116,labrador retriever,46
98116,lagotto romagnolo,4
98116,lakeland terrier,1
98116,maltese,2
98116,medium (up to 44 lbs fully grown) mixed breed,1
98116,miniature australian shepherd,8
98116,miniature long haired dachshund,1
98116,miniature poodle,10
98116,miniature schnauzer,2
98116,miniature smooth haired dachshund,6
98116,newfoundland,5
98116,norfolk terrier,1
98116,norwegian elkhound,1
98116,old english sheepdog,3
98116,papillon,2
98116,pembroke welsh corgi,13
98116,pit bull terrier,1
98116,pointer,1
98116,pomeranian,5
98116,portuguese water dog,3
98116,pug,2
98116,rat terrier,1
98116,retriever,4
98116,rhodesian ridgeback,1
98116,rough collie,1
98116,saint bernard,4
98116,samoyed,2
98116,schipperke,1
98116,shepherd,1
98116,shetland sheepdog,6
98116,shiba inu,4
98116,shih tzu,8
98116,short coat chihuahua,9
98116,siberian husky,6
98116,silky terrier,1
98116,smooth haired vizsla,2
98116,soft coated wheaten terrier,3
98116,spaniel,1
98116,standard long haired dachshund,3
98116,standard poodle,11
98116,standard schnauzer,1
98116,standard smooth haired dachshund,1
98116,standard wire haired dachshund,1
98116,terrier,1
98116,toy poodle,3
98116,weimaraner,1
98116,welsh springer spaniel,2
98116,welsh terrier,1
98116,west highland white terrier,6
98116,wire fox terrier,1
98116,wirehaired pointing griffon,3
98116,yorkshire terrier,7
98117,airedale terrier,4
98117,akita,2
98117,alaskan klee kai,2
98117,alaskan malamute,1
98117,american blue heeler,1
98117,american cocker spaniel,3
98117,american eskimo,1
98117,american pit bull terrier,5
98117,american staffordshire terrier,4
98117,appenzeller sennenhunde,1
98117,australian cattle dog,3
98117,australian kelpie,2
98117,australian shepherd,25
98117,australian terrier,1
98117,basenji,4
98117,basset hound,2
98117,beagle,8
98117,belgian malinois,4
98117,bernese mountain dog,7
98117,black and tan coonhound,1
98117,bluetick coonhound,1
98117,border collie,11
98117,border terrier,5
98117,boston terrier,13
98117,bouvier des flandres,2
98117,boxer,8
98117,braque francais pyrenees,1
98117,brittany,3
98117,bulldog,1
98117,cairn terrier,1
98117,cardigan welsh corgi,8
98117,carolina dog,1
98117,catahoula leopard dog,2
98117,cavalier king charles spaniel,8
98117,chesapeake bay retriever,1
98117,chinese crested,1
98117,chow chow,2
98117,coonhound,2
98117,coton de tulear,2
98117,dalmatian,2
98117,doberman pinscher,1
98117,english springer spaniel,6
98117,entlebucher mountain dog,2
98117,flat-coated retriever,3
98117,french bulldog,20
98117,german pinscher,1
98117,german shepherd,17
98117,german shorthaired pointer,8
98117,golden retriever,57
98117,gordon setter,1
98117,great dane,2
98117,great pyrenees,3
98117,greater swiss mountain dog,1
98117,greyhound,10
98117,havanese,20
98117,hound,2
98117,icelandic sheepdog,2
98117,irish setter,2
98117,irish terrier,1
98117,irish wolfhound,1
98117,italian greyhound,1
98117,jack russell terrier,3
98117,keeshond,1
98117,labrador retriever,98
98117,lagotto romagnolo,4
98117,leonberger,1
98117,lhasa apso,4
98117,long coat chihuahua,1
98117,maltese,3
98117,mastiff,1
98117,medium (up to 44 lbs fully grown) mixed breed,2
98117,miniature australian shepherd,18
98117,miniature long haired dachshund,7
98117,miniature pinscher,4
98117,miniature poodle,11
98117,miniature schnauzer,12
98117,miniature smooth haired dachshund,11
98117,newfoundland,2
98117,norfolk terrier,2
98117,norwegian elkhound,1
98117,norwegian lundehund,1
98117,nova scotia duck tolling retriever,1
98117,old english sheepdog,1
98117,olde english bulldogge,2
98117,papillon,2
98117,pekingese,1
98117,pembroke welsh corgi,15
98117,pit bull terrier,1
98117,pomeranian,3
98117,portuguese water dog,8
98117,pug,10
98117,rat terrier,5
98117,retriever,8
98117,rhodesian ridgeback,6
98117,rottweiler,1
98117,rough collie,1
98117,saint bernard,1
98117,samoyed,1
98117,schipperke,3
98117,scottish deerhound,1
98117,scottish terrier,1
98117,shiba inu,7
98117,shih tzu,8
98117,short coat chihuahua,13
98117,siberian husky,11
98117,silken windhound,1
98117,silky terrier,2
98117,smooth collie,1
98117,smooth haired vizsla,5
98117,soft coated wheaten terrier,3
98117,spinone italiano,1
98117,standard long haired dachshund,1
98117,standard poodle,17
98117,standard schnauzer,4
98117,standard smooth haired dachshund,1
98117,standard wire haired dachshund,1
98117,swedish vallhund,1
98117,terrier,6
98117,tibetan spaniel,1
98117,tibetan terrier,3
98117,toy poodle,5
98117,treeing walker coonhound,1
98117,weimaraner,3
98117,west highland white terrier,8
98117,whippet,1
98117,wire fox terrier,2
98117,wirehaired pointing griffon,1
98117,xoloitzcuintli,6
98117,yorkshire terrier,6
98118,airedale terrier,2
98118,akita,3
98118,alaskan husky,5
98118,alaskan klee kai,2
98118,alaskan malamute,2
98118,american bulldog,1
98118,american cocker spaniel,5
98118,american indian dog,1
98118,american pit bull terrier,9
98118,american staffordshire terrier,2
98118,australian cattle dog,5
98118,australian shepherd,15
98118,australian terrier,2
98118,basenji,5
98118,basset hound,1
98118,beagle,6
98118,belgian malinois,2
98118,belgian tervuren,1
98118,bernese mountain dog,4
98118,bichon frise,2
98118,black-mouth cur,1
98118,bloodhound,2
98118,boerboel,1
98118,border collie,6
98118,border terrier,2
98118,boston terrier,10
98118,boxer,5
98118,briard,2
98118,brittany,2
98118,bull terrier,3
98118,cairn terrier,2
98118,cane corso,2
98118,cardigan welsh corgi,1
98118,cavalier king charles spaniel,11
98118,chesapeake bay retriever,1
98118,chinese shar-pei,1
98118,cirneco dell etna,1
98118,coton de tulear,1
98118,dalmatian,2
98118,doberman pinscher,3
98118,english cocker spaniel,3
98118,english setter,1
98118,english springer spaniel,1
98118,eurasier,1
98118,french bulldog,16
98118,german shepherd,27
98118,german shorthaired pointer,5
98118,golden retriever,18
98118,great dane,3
98118,great pyrenees,2
98118,greater swiss mountain dog,2
98118,greyhound,6
98118,harrier,2
98118,havanese,5
98118,hound,1
98118,irish terrier,1
98118,irish water spaniel,1
98118,italian greyhound,3
98118,jack russell terrier,3
98118,keeshond,1
98118,labrador retriever,45
98118,lagotto romagnolo,2
98118,large (over 44 lbs fully grown) mixed breed,3
98118,lhasa apso,2
98118,long coat chihuahua,1
98118,maltese,2
98118,manchester terrier,1
98118,mcnab herding dog,3
98118,medium (up to 44 lbs fully grown) mixed breed,1
98118,miniature australian shepherd,9
98118,miniature long haired dachshund,3
98118,miniature pinscher,5
98118,miniature poodle,5
98118,miniature schnauzer,10
98118,miniature smooth haired dachshund,4
98118,newfoundland,1
98118,norwich terrier,2
98118,nova scotia duck tolling retriever,1
98118,old english sheepdog,3
98118,pekingese,2
98118,pembroke welsh corgi,11
98118,pit bull terrier,4
98118,pointer,1
98118,pomeranian,7
98118,portuguese water dog,4
98118,pug,4
98118,retriever,8
98118,rhodesian ridgeback,4
98118,rottweiler,3
98118,samoyed,2
98118,scottish terrier,2
98118,sealyham terrier,1
98118,shepherd,1
98118,shiba inu,4
98118,shih tzu,7
98118,short coat chihuahua,22
98118,siberian husky,12
98118,small (under 24 lbs fully grown) mixed breed,1
98118,smooth fox terrier,1
98118,smooth haired vizsla,4
98118,soft coated wheaten terrier,3
98118,spaniel,2
98118,staffordshire bull terrier,2
98118,standard long haired dachshund,1
98118,standard poodle,20
98118,standard schnauzer,1
98118,standard smooth haired dachshund,3
98118,standard wire haired dachshund,1
98118,terrier,2
98118,tibetan terrier,1
98118,toy fox terrier,1
98118,toy poodle,2
98118,weimaraner,2
98118,welsh springer spaniel,2
98118,west highland white terrier,2
98118,whippet,1
98118,white swiss shepherd (berger blanc suisse),1
98118,wirehaired pointing griffon,1
98118,yorkshire terrier,8
98119,affenpinscher,1
98119,alaskan husky,1
98119,alaskan klee kai,1
98119,alaskan malamute,1
98119,american blue heeler,1
98119,american bulldog,1
98119,american cocker spaniel,1
98119,american eskimo,2
98119,american foxhound,1
98119,american pit bull terrier,1
98119,australian cattle dog,3
98119,australian kelpie,1
98119,australian shepherd,14
98119,beagle,3
98119,bedlington terrier,1
98119,bernese mountain dog,5
98119,border collie,5
98119,border terrier,5
98119,boston terrier,2
98119,boxer,6
98119,briard,1
98119,brittany,1
98119,brussels griffon,2
98119,cairn terrier,3
98119,cane corso,1
98119,cardigan welsh corgi,1
98119,catahoula leopard dog,1
98119,cavalier king charles spaniel,6
98119,chow chow,1
98119,coton de tulear,1
98119,doberman pinscher,3
98119,english bulldog,3
98119,english springer spaniel,5
98119,french bulldog,6
98119,german shepherd,4
98119,german shorthaired pointer,7
98119,golden retriever,25
98119,greyhound,3
98119,havanese,10
98119,italian greyhound,2
98119,keeshond,2
98119,kooikerhondje,1
98119,labrador retriever,29
98119,lagotto romagnolo,2
98119,lhasa apso,1
98119,long coat chihuahua,5
98119,maltese,1
98119,mcnab herding dog,1
98119,miniature australian shepherd,4
98119,miniature long haired dachshund,3
98119,miniature poodle,4
98119,miniature schnauzer,4
98119,miniature smooth haired dachshund,8
98119,newfoundland,1
98119,nova scotia duck tolling retriever,1
98119,papillon,2
98119,pembroke welsh corgi,10
98119,pomeranian,4
98119,portuguese water dog,6
98119,pug,5
98119,rat terrier,1
98119,retriever,6
98119,rhodesian ridgeback,1
98119,rottweiler,2
98119,saint bernard,1
98119,samoyed,5
98119,schipperke,1
98119,scottish terrier,1
98119,sealyham terrier,1
98119,shiba inu,6
98119,shih tzu,7
98119,short coat chihuahua,7
98119,siberian husky,3
98119,smooth haired vizsla,1
98119,soft coated wheaten terrier,3
98119,staffordshire bull terrier,1
98119,standard long haired dachshund,2
98119,standard poodle,12
98119,standard smooth haired dachshund,2
98119,terrier,2
98119,tibetan spaniel,2
98119,tibetan terrier,1
98119,toy fox terrier,1
98119,toy poodle,2
98119,weimaraner,4
98119,welsh terrier,2
98119,west highland white terrier,3
98119,yorkshire terrier,9
98121,airedale terrier,1
98121,alaskan husky,1
98121,alaskan klee kai,1
98121,alaskan malamute,1
98121,american blue heeler,1
98121,american cocker spaniel,1
98121,american eskimo,1
98121,american pit bull terrier,1
98121,american staffordshire terrier,2
98121,australian cattle dog,2
98121,australian shepherd,2
98121,belgian malinois,2
98121,border collie,3
98121,boston terrier,1
98121,boxer,1
98121,cardigan welsh corgi,1
98121,cavalier king charles spaniel,2
98121,coton de tulear,1
98121,doberman pinscher,1
98121,flat-coated retriever,1
98121,french bulldog,2
98121,german shepherd,1
98121,german shorthaired pointer,1
98121,golden retriever,6
98121,great dane,1
98121,greater swiss mountain dog,1
98121,greyhound,2
98121,havanese,1
98121,jack russell terrier,1
98121,labrador retriever,7
98121,lagotto romagnolo,1
98121,lhasa apso,1
98121,maltese,1
98121,miniature australian shepherd,1
98121,miniature long haired dachshund,1
98121,miniature poodle,4
98121,miniature schnauzer,3
98121,miniature smooth haired dachshund,1
98121,papillon,1
98121,pekingese,1
98121,pembroke welsh corgi,2
98121,pit bull terrier,3
98121,pomeranian,3
98121,pug,3
98121,retriever,3
98121,saint bernard,1
98121,samoyed,1
98121,shepherd,1
98121,shetland sheepdog,2
98121,shiba inu,3
98121,shih tzu,8
98121,short coat chihuahua,7
98121,siberian husky,4
98121,small (under 24 lbs fully grown) mixed breed,1
98121,smooth haired vizsla,2
98121,standard long haired dachshund,2
98121,standard poodle,4
98121,terrier,1
98121,toy poodle,1
98121,weimaraner,1
98121,yorkshire terrier,2
98122,alaskan klee kai,1
98122,alaskan malamute,1
98122,american bullnese,1
98122,american cocker spaniel,4
98122,american pit bull terrier,5
98122,american staffordshire terrier,2
98122,australian cattle dog,4
98122,australian shepherd,8
98122,australian terrier,1
98122,beagle,3
98122,bearded collie,1
98122,bedlington terrier,1
98122,belgian tervuren,1
98122,bernese mountain dog,2
98122,bichon frise,1
98122,border collie,3
98122,border terrier,2
98122,boston terrier,7
98122,boxer,4
98122,bracco italiano,1
98122,brittany,1
98122,bullmastiff,1
98122,cairn terrier,2
98122,canaan,1
98122,cane corso,1
98122,cardigan welsh corgi,1
98122,catahoula leopard dog,1
98122,cavalier king charles spaniel,6
98122,chinese crested,1
98122,chow chow,1
98122,dalmatian,1
98122,doberman pinscher,3
98122,dutch shepherd,1
98122,english bulldog,3
98122,english cocker spaniel,3
98122,english mastiff,1
98122,english shepherd,3
98122,english springer spaniel,4
98122,french bulldog,10
98122,german shepherd,13
98122,german shorthaired pointer,4
98122,golden retriever,39
98122,great dane,5
98122,great pyrenees,1
98122,greyhound,4
98122,havanese,4
98122,hound,1
98122,irish setter,1
98122,jack russell terrier,1
98122,karelian bear dog,1
98122,king german shepherd,1
98122,korean jindo,2
98122,labrador retriever,27
98122,lagotto romagnolo,2
98122,lakeland terrier,2
98122,large (over 44 lbs fully grown) mixed breed,1
98122,lhasa apso,2
98122,long coat chihuahua,2
98122,maltese,2
98122,manchester terrier,3
98122,medium (up to 44 lbs fully grown) mixed breed,1
98122,miniature australian shepherd,6
98122,miniature long haired dachshund,4
98122,miniature pinscher,1
98122,miniature poodle,5
98122,miniature schnauzer,5
98122,miniature smooth haired dachshund,5
98122,newfoundland,1
98122,norwegian elkhound,1
98122,norwich terrier,1
98122,nova scotia duck tolling retriever,2
98122,old english sheepdog,1
98122,papillon,1
98122,pekingese,1
98122,pembroke welsh corgi,15
98122,petit basset griffon vendeen,2
98122,picardy sheepdog,2
98122,pointer,1
98122,pomeranian,7
98122,portuguese water dog,5
98122,pug,10
98122,rat terrier,4
98122,retriever,4
98122,rhodesian ridgeback,4
98122,rottweiler,3
98122,saint bernard,1
98122,samoyed,4
98122,scottish terrier,1
98122,shiba inu,17
98122,shih tzu,9
98122,shiloh shepherd,1
98122,short coat chihuahua,6
98122,siberian husky,7
98122,small (under 24 lbs fully grown) mixed breed,1
98122,smooth haired vizsla,5
98122,soft coated wheaten terrier,6
98122,spanish water dog,1
98122,staffordshire bull terrier,1
98122,standard long haired dachshund,1
98122,standard poodle,9
98122,standard schnauzer,1
98122,standard smooth haired dachshund,1
98122,terrier,2
98122,toy poodle,7
98122,weimaraner,4
98122,west highland white terrier,5
98122,whippet,3
98122,wire haired vizsla,1
98122,wirehaired pointing griffon,1
98122,xoloitzcuintli,2
98122,yorkshire terrier,4
98125,ainu,1
98125,airedale terrier,1
98125,alaskan husky,2
98125,alaskan malamute,2
98125,american bulldog,2
98125,american bullnese,1
98125,american cocker spaniel,6
98125,american eskimo,3
98125,american pit bull terrier,1
98125,australian cattle dog,5
98125,australian shepherd,21
98125,basenji,1
98125,basset hound,3
98125,beagle,6
98125,belgian malinois,1
98125,belgian tervuren,1
98125,bernese mountain dog,3
98125,bichon frise,7
98125,bluetick coonhound,1
98125,border collie,9
98125,border terrier,2
98125,boston terrier,4
98125,bouvier des flandres,1
98125,boxer,7
98125,briard,1
98125,brittany,1
98125,brussels griffon,2
98125,bull terrier,1
98125,bullmastiff,1
98125,cairn terrier,2
98125,cardigan welsh corgi,4
98125,catahoula leopard dog,1
98125,cavalier king charles spaniel,9
98125,chinook,1
98125,coton de tulear,1
98125,dalmatian,2
98125,doberman pinscher,1
98125,english bulldog,3
98125,english cocker spaniel,2
98125,english mastiff,1
98125,english shepherd,3
98125,english springer spaniel,6
98125,eurasier,1
98125,feist,1
98125,flat-coated retriever,3
98125,french bulldog,10
98125,german shepherd,17
98125,german shorthaired pointer,3
98125,german wirehaired pointer,1
98125,golden retriever,36
98125,great dane,6
98125,great pyrenees,1
98125,greyhound,2
98125,havanese,12
98125,irish terrier,2
98125,irish wolfhound,1
98125,italian greyhound,2
98125,jack russell terrier,2
98125,keeshond,4
98125,kerry blue terrier,1
98125,king german shepherd,3
98125,kooikerhondje,1
98125,labrador retriever,64
98125,lagotto romagnolo,3
98125,large (over 44 lbs fully grown) mixed breed,1
98125,large munsterlander,2
98125,lhasa apso,1
98125,maltese,2
98125,manchester terrier,1
98125,medium (up to 44 lbs fully grown) mixed breed,1
98125,miniature australian shepherd,10
98125,miniature long haired dachshund,12
98125,miniature pinscher,1
98125,miniature poodle,8
98125,miniature schnauzer,6
98125,miniature smooth haired dachshund,2
98125,newfoundland,2
98125,norfolk terrier,2
98125,norwegian elkhound,1
98125,nova scotia duck tolling retriever,1
98125,papillon,1
98125,parson russell terrier,1
98125,pekingese,2
98125,pembroke welsh corgi,18
98125,pit bull terrier,3
98125,pointer,2
98125,pomeranian,5
98125,portuguese water dog,2
98125,pug,6
98125,puli,1
98125,pumi,1
98125,rat terrier,2
98125,retriever,11
98125,rhodesian ridgeback,1
98125,samoyed,6
98125,scottish terrier,1
98125,shepherd,2
98125,shetland sheepdog,2
98125,shiba inu,10
98125,shih tzu,9
98125,short coat chihuahua,14
98125,siberian husky,13
98125,silken windhound,1
98125,silky terrier,1
98125,small (under 24 lbs fully grown) mixed breed,2
98125,smooth collie,2
98125,smooth haired vizsla,4
98125,soft coated wheaten terrier,1
98125,spinone italiano,1
98125,staffordshire bull terrier,1
98125,standard long haired dachshund,1
98125,standard poodle,7
98125,standard smooth haired dachshund,7
98125,terrier,11
98125,tibetan terrier,1
98125,toy poodle,4
98125,weimaraner,2
98125,welsh terrier,1
98125,west highland white terrier,6
98125,whippet,2
98125,white swiss shepherd (berger blanc suisse),1
98125,wire fox terrier,1
98125,wirehaired pointing griffon,2
98125,xoloitzcuintli,1
98125,yorkshire terrier,5
98126,airedale terrier,1
98126,akita,2
98126,alaskan malamute,1
98126,american blue heeler,2
98126,american bulldog,1
98126,american cocker spaniel,3
98126,american hairless terrier,1
98126,american pit bull terrier,6
98126,american staffordshire terrier,2
98126,anatolian shepherd,1
98126,australian cattle dog,6
98126,australian kelpie,1
98126,australian shepherd,11
98126,basset hound,4
98126,beagle,4
98126,belgian malinois,1
98126,belgian tervuren,1
98126,bernese mountain dog,2
98126,bichon frise,3
98126,boerboel,2
98126,border collie,3
98126,border terrier,3
98126,boston terrier,6
98126,boxer,3
98126,brittany,3
98126,bull terrier,1
98126,bullmastiff,1
98126,cairn terrier,1
98126,catahoula leopard dog,1
98126,cavalier king charles spaniel,3
98126,chow chow,1
98126,dalmatian,1
98126,doberman pinscher,4
98126,english bulldog,2
98126,english cocker spaniel,1
98126,english setter,1
98126,english springer spaniel,3
98126,eurasier,1
98126,french brittany,1
98126,french bulldog,10
98126,german shepherd,12
98126,german shorthaired pointer,2
98126,giant schnauzer,2
98126,golden retriever,28
98126,great dane,1
98126,great pyrenees,1
98126,greater swiss mountain dog,1
98126,greyhound,3
98126,havanese,9
98126,ibizan hound,3
98126,irish water spaniel,1
98126,italian greyhound,3
98126,jack russell terrier,3
98126,king german shepherd,1
98126,korean jindo,1
98126,labrador retriever,44
98126,lagotto romagnolo,1
98126,lhasa apso,3
98126,long coat chihuahua,3
98126,miniature australian shepherd,5
98126,miniature bull terrier,2
98126,miniature long haired dachshund,1
98126,miniature pinscher,1
98126,miniature poodle,8
98126,miniature schnauzer,8
98126,miniature smooth haired dachshund,2
98126,newfoundland,2
98126,papillon,1
98126,pembroke welsh corgi,14
98126,pit bull terrier,1
98126,podenco canario,1
98126,podenco gallego,1
98126,pomeranian,4
98126,portuguese water dog,1
98126,pudelpointer,1
98126,pug,3
98126,rat terrier,1
98126,retriever,5
98126,rottweiler,2
98126,rough collie,1
98126,saint bernard,1
98126,shetland sheepdog,3
98126,shiba inu,5
98126,shih tzu,3
98126,shiloh shepherd,1
98126,short coat chihuahua,9
98126,siberian husky,7
98126,smooth haired vizsla,2
98126,soft coated wheaten terrier,2
98126,spaniel,1
98126,stabyhoun,2
98126,standard poodle,4
98126,standard smooth haired dachshund,1
98126,terrier,6
98126,weimaraner,1
98126,welsh terrier,2
98126,west highland white terrier,3
98126,whippet,2
98126,xoloitzcuintli,2
98126,yorkshire terrier,3
98127,basset hound,1
98127,shetland sheepdog,2
98127,standard poodle,1
98132,siberian husky,1
98133,akita,1
98133,alaskan husky,1
98133,alaskan klee kai,3
98133,alaskan malamute,2
98133,american eskimo,1
98133,american pit bull terrier,8
98133,australian cattle dog,5
98133,australian shepherd,12
98133,basenji,1
98133,basset hound,7
98133,beagle,6
98133,belgian malinois,1
98133,belgian tervuren,1
98133,bichon frise,2
98133,border collie,5
98133,border terrier,1
98133,boston terrier,5
98133,boxer,4
98133,brittany,2
98133,cairn terrier,1
98133,cane corso,3
98133,cardigan welsh corgi,1
98133,cavalier king charles spaniel,4
98133,chesapeake bay retriever,1
98133,chow chow,1
98133,coonhound,1
98133,coton de tulear,1
98133,doberman pinscher,2
98133,english bulldog,5
98133,english cocker spaniel,3
98133,english shepherd,1
98133,french bulldog,8
98133,german shepherd,11
98133,german shorthaired pointer,2
98133,golden retriever,18
98133,great dane,1
98133,greyhound,5
98133,havanese,8
98133,hound,1
98133,jack russell terrier,2
98133,keeshond,2
98133,labrador retriever,30
98133,large (over 44 lbs fully grown) mixed breed,1
98133,lhasa apso,1
98133,maltese,5
98133,medium (up to 44 lbs fully grown) mixed breed,3
98133,miniature australian shepherd,2
98133,miniature long haired dachshund,4
98133,miniature pinscher,1
98133,miniature poodle,6
98133,miniature schnauzer,5
98133,newfoundland,1
98133,norwegian elkhound,1
98133,nova scotia duck tolling retriever,1
98133,papillon,1
98133,pekingese,1
98133,pembroke welsh corgi,3
98133,pit bull terrier,1
98133,pomeranian,2
98133,poong-san dog,1
98133,portuguese water dog,15
98133,pug,6
98133,rat terrier,2
98133,retriever,1
98133,rhodesian ridgeback,1
98133,rottweiler,5
98133,rough collie,2
98133,samoyed,3
98133,scottish terrier,2
98133,shepherd,2
98133,shetland sheepdog,1
98133,shiba inu,6
98133,shih tzu,4
98133,shiloh shepherd,2
98133,short coat chihuahua,9
98133,siberian husky,4
98133,small (under 24 lbs fully grown) mixed breed,3
98133,small munsterlander,1
98133,smooth collie,1
98133,smooth haired vizsla,1
98133,spaniel,1
98133,standard poodle,1
98133,standard schnauzer,1
98133,standard smooth haired dachshund,1
98133,swedish vallhund,1
98133,tibetan terrier,1
98133,toy poodle,2
98133,west highland white terrier,1
98133,wirehaired pointing griffon,1
98133,yorkshire terrier,2
98134,australian cattle dog,1
98134,hound,1
98134,labrador retriever,1
98134,miniature pinscher,1
98134,pomeranian,2
98134,siberian husky,1
98134,yorkshire terrier,1
98136,airedale terrier,2
98136,akita,2
98136,alaskan klee kai,2
98136,alaskan malamute,2
98136,american bulldog,1
98136,american foxhound,1
98136,american pit bull terrier,4
98136,american staffordshire terrier,1
98136,australian cattle dog,1
98136,australian shepherd,4
98136,basenji,1
98136,basset hound,1
98136,beagle,3
98136,bearded collie,2
98136,bernese mountain dog,1
98136,bichon frise,1
98136,black-mouth cur,1
98136,bluetick coonhound,1
98136,bolognese,1
98136,border collie,4
98136,border terrier,1
98136,boston terrier,3
98136,boxer,2
98136,brittany,2
98136,cairn terrier,2
98136,cardigan welsh corgi,2
98136,catahoula leopard dog,2
98136,cavalier king charles spaniel,6
98136,chesapeake bay retriever,1
98136,chinook,1
98136,chow chow,2
98136,coton de tulear,2
98136,doberman pinscher,2
98136,english bulldog,1
98136,english setter,1
98136,english shepherd,1
98136,english springer spaniel,8
98136,flat-coated retriever,1
98136,french bulldog,5
98136,french spaniel,1
98136,german shepherd,10
98136,giant schnauzer,1
98136,golden retriever,25
98136,great dane,3
98136,great pyrenees,4
98136,greyhound,4
98136,havanese,9
98136,irish wolfhound,1
98136,jack russell terrier,1
98136,kooikerhondje,1
98136,labrador retriever,42
98136,lhasa apso,1
98136,long coat chihuahua,2
98136,medium (up to 44 lbs fully grown) mixed breed,1
98136,miniature australian shepherd,9
98136,miniature poodle,4
98136,miniature schnauzer,6
98136,miniature smooth haired dachshund,5
98136,miniature wire haired dachshund,2
98136,norwegian elkhound,1
98136,nova scotia duck tolling retriever,1
98136,old english sheepdog,1
98136,pembroke welsh corgi,5
98136,pit bull terrier,2
98136,pomeranian,1
98136,portuguese podengo,1
98136,portuguese water dog,5
98136,pudelpointer,1
98136,pug,10
98136,puli,1
98136,rat terrier,1
98136,rhodesian ridgeback,1
98136,rottweiler,1
98136,rough collie,2
98136,samoyed,2
98136,scottish terrier,1
98136,shetland sheepdog,3
98136,shiba inu,3
98136,shih tzu,5
98136,short coat chihuahua,4
98136,siberian husky,3
98136,silky terrier,1
98136,small (under 24 lbs fully grown) mixed breed,2
98136,smooth haired vizsla,4
98136,soft coated wheaten terrier,2
98136,standard poodle,8
98136,standard schnauzer,2
98136,standard smooth haired dachshund,1
98136,terrier,3
98136,tibetan terrier,2
98136,toy poodle,2
98136,weimaraner,1
98136,welsh springer spaniel,1
98136,west highland white terrier,1
98136,wire fox terrier,2
98136,wirehaired pointing griffon,2
98136,yorkshire terrier,5
98139,affenpinscher,1
98139,brussels griffon,1
98139,chinese shar-pei,1
98139,labrador retriever,1
98139,shiba inu,1
98144,akita,3
98144,alaskan klee kai,2
98144,alaskan malamute,2
98144,american bulldog,3
98144,american pit bull terrier,9
98144,american staffordshire terrier,3
98144,australian cattle dog,8
98144,australian shepherd,15
98144,australian terrier,1
98144,basenji,2
98144,basset hound,2
98144,beagle,7
98144,bedlington terrier,1
98144,belgian malinois,1
98144,belgian tervuren,1
98144,bernese mountain dog,4
98144,bichon frise,1
98144,black and tan coonhound,1
98144,black-mouth cur,1
98144,boston terrier,3
98144,bouvier des flandres,2
98144,boxer,1
98144,bull terrier,1
98144,cairn terrier,2
98144,cardigan welsh corgi,5
98144,catahoula leopard dog,1
98144,cavalier king charles spaniel,5
98144,chesapeake bay retriever,1
98144,chow chow,2
98144,coonhound,1
98144,coton de tulear,2
98144,doberman pinscher,2
98144,english bulldog,1
98144,english setter,1
98144,english springer spaniel,2
98144,flat-coated retriever,2
98144,french brittany,1
98144,french bulldog,11
98144,german shepherd,8
98144,german shorthaired pointer,6
98144,golden retriever,20
98144,great dane,2
98144,great pyrenees,1
98144,havanese,7
98144,hound,1
98144,ibizan hound,1
98144,icelandic sheepdog,2
98144,italian greyhound,2
98144,jack russell terrier,3
98144,labrador retriever,41
98144,lagotto romagnolo,5
98144,large (over 44 lbs fully grown) mixed breed,2
98144,maltese,9
98144,medium (up to 44 lbs fully grown) mixed breed,4
98144,miniature australian shepherd,9
98144,miniature long haired dachshund,5
98144,miniature poodle,8
98144,miniature schnauzer,6
98144,miniature smooth haired dachshund,4
98144,newfoundland,1
98144,norwich terrier,1
98144,papillon,1
98144,parson russell terrier,1
98144,pekingese,2
98144,pembroke welsh corgi,7
98144,pit bull terrier,4
98144,pomeranian,2
98144,portuguese water dog,2
98144,pug,3
98144,retriever,8
98144,rhodesian ridgeback,3
98144,rottweiler,1
98144,samoyed,3
98144,scottish terrier,2
98144,shetland sheepdog,1
98144,shiba inu,3
98144,shih tzu,2
98144,short coat chihuahua,9
98144,siberian husky,6
98144,small (under 24 lbs fully grown) mixed breed,1
98144,smooth haired vizsla,3
98144,soft coated wheaten terrier,2
98144,spanish water dog,1
98144,standard long haired dachshund,1
98144,standard poodle,7
98144,standard smooth haired dachshund,3
98144,terrier,5
98144,tibetan terrier,1
98144,toy fox terrier,1
98144,toy poodle,1
98144,weimaraner,1
98144,welsh springer spaniel,1
98144,west highland white terrier,4
98144,wire fox terrier,2
98144,wire haired vizsla,1
98144,wirehaired pointing griffon,1
98144,xoloitzcuintli,2
98144,yorkshire terrier,6
98146,akita,1
98146,american cocker spaniel,3
98146,american eskimo,1
98146,american pit bull terrier,2
98146,american staffordshire terrier,2
98146,beagle,2
98146,boston terrier,3
98146,brittany,1
98146,cairn terrier,1
98146,cavalier king charles spaniel,1
98146,chow chow,1
98146,doberman pinscher,3
98146,english mastiff,1
98146,english springer spaniel,1
98146,flat-coated retriever,2
98146,french bulldog,2
98146,german shepherd,5
98146,golden retriever,13
98146,great dane,2
98146,greyhound,1
98146,havanese,2
98146,hound,1
98146,irish setter,1
98146,labrador retriever,14
98146,medium (up to 44 lbs fully grown) mixed breed,2
98146,miniature australian shepherd,4
98146,miniature long haired dachshund,1
98146,miniature schnauzer,1
98146,miniature smooth haired dachshund,1
98146,norwegian elkhound,1
98146,norwich terrier,1
98146,pembroke welsh corgi,1
98146,pug,1
98146,rat terrier,2
98146,retriever,1
98146,rhodesian ridgeback,3
98146,samoyed,2
98146,scottish terrier,1
98146,shih tzu,3
98146,short coat chihuahua,6
98146,siberian husky,2
98146,smooth fox terrier,1
98146,soft coated wheaten terrier,1
98146,standard long haired dachshund,1
98146,standard poodle,3
98146,terrier,6
98146,welsh terrier,2
98146,west highland white terrier,1
98146,wire fox terrier,1
98146,wirehaired pointing griffon,2
98146,xoloitzcuintli,1
98147,boxer,1
98155,boxer,1
98155,miniature smooth haired dachshund,1
98166,australian kelpie,1
98166,golden retriever,1
98166,pug,1
98166,shiba inu,1
98166,standard poodle,1
98168,boston terrier,1
98168,french bulldog,3
98168,golden retriever,1
98168,pembroke welsh corgi,2
98168,rat terrier,1
98177,airedale terrier,1
98177,akita,1
98177,alaskan klee kai,2
98177,american eskimo,1
98177,american pit bull terrier,3
98177,american staffordshire terrier,1
98177,australian cattle dog,2
98177,australian shepherd,8
98177,basenji,1
98177,belgian malinois,1
98177,bernese mountain dog,1
98177,bichon frise,1
98177,black russian terrier,1
98177,border collie,5
98177,boston terrier,1
98177,boxer,2
98177,bull terrier,1
98177,catahoula leopard dog,1
98177,cavalier king charles spaniel,2
98177,dalmatian,1
98177,english bulldog,3
98177,english springer spaniel,4
98177,flat-coated retriever,2
98177,french bulldog,5
98177,german shepherd,6
98177,german shorthaired pointer,2
98177,german wirehaired pointer,1
98177,golden retriever,20
98177,gordon setter,2
98177,great dane,1
98177,greyhound,1
98177,havanese,6
98177,irish setter,2
98177,labrador retriever,18
98177,lagotto romagnolo,2
98177,leonberger,1
98177,long coat chihuahua,2
98177,miniature australian shepherd,3
98177,miniature long haired dachshund,1
98177,miniature poodle,3
98177,miniature schnauzer,2
98177,miniature smooth haired dachshund,1
98177,newfoundland,2
98177,nova scotia duck tolling retriever,1
98177,papillon,1
98177,pembroke welsh corgi,3
98177,pointer,1
98177,pomeranian,1
98177,portuguese water dog,2
98177,pug,2
98177,rat terrier,1
98177,retriever,5
98177,shetland sheepdog,2
98177,shiba inu,4
98177,short coat chihuahua,2
98177,smooth haired vizsla,1
98177,soft coated wheaten terrier,3
98177,standard poodle,4
98177,standard schnauzer,1
98177,standard smooth haired dachshund,1
98177,terrier,3
98177,tibetan terrier,1
98177,toy poodle,2
98177,weimaraner,2
98177,west highland white terrier,1
98177,whippet,1
98177,xoloitzcuintli,2
98177,yorkshire terrier,3
98178,alaskan husky,2
98178,american cocker spaniel,2
98178,american eskimo,1
98178,american foxhound,1
98178,american pit bull terrier,3
98178,american white shepherd,1
98178,australian cattle dog,2
98178,belgian malinois,2
98178,black-mouth cur,1
98178,border collie,1
98178,boxer,1
98178,cavalier king charles spaniel,1
98178,chow chow,1
98178,flat-coated retriever,1
98178,french bulldog,3
98178,german shepherd,6
98178,havanese,1
98178,ibizan hound,1
98178,jack russell terrier,2
98178,karelian bear dog,1
98178,labrador retriever,10
98178,maltese,1
98178,miniature poodle,1
98178,miniature schnauzer,3
98178,miniature smooth haired dachshund,3
98178,pekingese,1
98178,pembroke welsh corgi,2
98178,pit bull terrier,2
98178,pomeranian,2
98178,pug,2
98178,rottweiler,1
98178,shiba inu,1
98178,shih tzu,3
98178,short coat chihuahua,2
98178,siberian husky,3
98178,standard poodle,3
98178,standard schnauzer,1
98178,standard smooth haired dachshund,2
98178,terrier,2
98178,toy poodle,1
98178,whippet,1
98178,xoloitzcuintli,2
98188,alaskan husky,1
98188,english bulldog,1
98188,german shepherd,1
98195,siberian husky,1
98198,retriever,1
98199,airedale terrier,2
98199,alaskan malamute,2
98199,american bulldog,1
98199,american cocker spaniel,5
98199,american eskimo,1
98199,appenzeller sennenhunde,1
98199,australian cattle dog,1
98199,australian shepherd,15
98199,basenji,2
98199,basset hound,2
98199,beagle,8
98199,bedlington terrier,1
98199,belgian tervuren,1
98199,bernese mountain dog,2
98199,bichon frise,1
98199,black-mouth cur,1
98199,border collie,7
98199,border terrier,3
98199,boston terrier,2
98199,boxer,12
98199,boykin spaniel,1
98199,brittany,4
98199,bull terrier,3
98199,bullmastiff,1
98199,cairn terrier,2
98199,cardigan welsh corgi,2
98199,catahoula leopard dog,1
98199,cavalier king charles spaniel,9
98199,chesapeake bay retriever,2
98199,chinook,1
98199,coton de tulear,1
98199,dalmatian,2
98199,doberman pinscher,7
98199,english cocker spaniel,2
98199,english setter,2
98199,english springer spaniel,1
98199,french brittany,1
98199,french bulldog,19
98199,german shepherd,11
98199,german shorthaired pointer,7
98199,giant schnauzer,1
98199,glen of imaal terrier,1
98199,golden retriever,38
98199,great dane,5
98199,greater swiss mountain dog,1
98199,havanese,12
98199,irish setter,1
98199,italian greyhound,1
98199,jack russell terrier,2
98199,japanese chin,1
98199,labrador retriever,55
98199,lagotto romagnolo,4
98199,long coat chihuahua,3
98199,maltese,1
98199,manchester terrier,1
98199,mcnab herding dog,1
98199,medium (up to 44 lbs fully grown) mixed breed,2
98199,miniature australian shepherd,13
98199,miniature pinscher,2
98199,miniature poodle,11
98199,miniature schnauzer,6
98199,miniature smooth haired dachshund,3
98199,mudi,1
98199,newfoundland,2
98199,norwich terrier,1
98199,old english sheepdog,1
98199,papillon,3
98199,pembroke welsh corgi,8
98199,petit basset griffon vendeen,1
98199,pointer,1
98199,pomeranian,4
98199,portuguese water dog,4
98199,pug,5
98199,rat terrier,2
98199,retriever,5
98199,rhodesian ridgeback,3
98199,rottweiler,4
98199,russell terrier,2
98199,samoyed,1
98199,scottish terrier,3
98199,shepherd,3
98199,shetland sheepdog,5
98199,shiba inu,5
98199,shih tzu,4
98199,short coat chihuahua,5
98199,siberian husky,11
98199,silken windhound,2
98199,smooth haired vizsla,5
98199,soft coated wheaten terrier,6
98199,staffordshire bull terrier,2
98199,standard poodle,13
98199,standard smooth haired dachshund,3
98199,standard wire haired dachshund,1
98199,terrier,4
98199,tibetan terrier,2
98199,toy poodle,7
98199,weimaraner,2
98199,welsh springer spaniel,1
98199,west highland white terrier,3
98199,whippet,2
98199,white swiss shepherd (berger blanc suisse),1
98199,wirehaired pointing griffon,3
98199,xoloitzcuintli,2
98199,yorkshire terrier,6
98202,portuguese water dog,1
98204,boxer,1
98204,miniature australian shepherd,1
98215,retriever,1
98258,pug,2
98260,cavalier king charles spaniel,1
98332,cane corso,1
98367,shih tzu,1
98375,english bulldog,1
98391,siberian husky,1
98405,french bulldog,1
98502,labrador retriever,1
98507,smooth haired vizsla,1
98507,toy poodle,1
98507,yorkshire terrier,1
98937,shih tzu,1
99103,standard poodle,2
99166,american blue heeler,1
